,symbol,initialMargin,maintMargin,unrealizedProfit,positionInitialMargin,openOrderInitialMargin,leverage,isolated,entryPrice,maxNotional,positionSide,positionAmt,notional,isolatedWallet,updateTime,bidNotional,askNotional
0,SUSHIUSDT,0.0,0.0,0.0,0.0,0.0,6.0,0.0,0.0,100000.0,BOTH,0.0,0.0,0.0,1628371519873.0,0.0,0.0
1,BTSUSDT,0.0,0.0,0.0,0.0,0.0,20.0,0.0,0.0,25000.0,BOTH,0.0,0.0,0.0,0.0,0.0,0.0
2,INJUSDT,0.0,0.0,0.0,0.0,0.0,20.0,0.0,0.0,25000.0,BOTH,0.0,0.0,0.0,0.0,0.0,0.0
3,TRXBUSD,0.0,0.0,0.0,0.0,0.0,20.0,0.0,0.0,25000.0,BOTH,0.0,0.0,0.0,0.0,0.0,0.0
4,ZRXUSDT,0.0,0.0,0.0,0.0,0.0,10.0,0.0,0.0,100000.0,BOTH,0.0,0.0,0.0,1614863230282.0,0.0,0.0
5,WAVESUSDT,1.06818192,0.1175,-8.9,1.06818192,0.0,11.0,0.0,4.13,25000.0,BOTH,5.0,11.75,0.0,1663525042458.0,0.0,0.0
6,SPELLUSDT,0.0,0.0,0.0,0.0,0.0,20.0,0.0,0.0,25000.0,BOTH,0.0,0.0,0.0,0.0,0.0,0.0
7,XTZUSDT,686.50132046,13.7300264,626.58914801,686.50132046,0.0,2.0,0.0,1.438762267952,10000000.0,BOTH,-1389.8,-1373.00264093,0.0,1667052274394.0,0.0,0.0
8,BNBUSDT,557.62508281,23.61619928,318.58333025,363.32614281,194.29894,10.0,0.0,296.4624725092,1000000.0,BOTH,-13.33,-3633.26142817,0.0,1668742321894.0,2628.5126,1942.9894
9,DARUSDT,0.0,0.0,0.0,0.0,0.0,20.0,0.0,0.0,5000.0,BOTH,0.0,0.0,0.0,0.0,0.0,0.0
10,HNTUSDT,0.0,0.0,0.0,0.0,0.0,20.0,0.0,0.0,5000.0,BOTH,0.0,0.0,0.0,1662540629061.0,0.0,0.0
11,ETCUSDT,0.0,0.0,0.0,0.0,0.0,20.0,0.0,0.0,250000.0,BOTH,0.0,0.0,0.0,1648557466098.0,0.0,0.0
12,XMRUSDT,0.0,0.0,0.0,0.0,0.0,20.0,0.0,0.0,250000.0,BOTH,0.0,0.0,0.0,1658944933137.0,0.0,0.0
13,ALICEUSDT,0.0,0.0,0.0,0.0,0.0,5.0,0.0,0.0,250000.0,BOTH,0.0,0.0,0.0,1645714545278.0,0.0,0.0
14,REEFUSDT,0.0,0.0,0.0,0.0,0.0,20.0,0.0,0.0,25000.0,BOTH,0.0,0.0,0.0,1617798328040.0,0.0,0.0
15,BATUSDT,0.0,0.0,0.0,0.0,0.0,10.0,0.0,0.0,25000.0,BOTH,0.0,0.0,0.0,1606189707094.0,0.0,0.0
16,DOGEUSDT,0.0,0.0,0.0,0.0,0.0,5.0,0.0,0.0,2000000.0,BOTH,0.0,0.0,0.0,1652116964152.0,0.0,0.0
17,TRXUSDT,0.0,0.0,0.0,0.0,0.0,20.0,0.0,0.0,250000.0,BOTH,0.0,0.0,0.0,1620874526547.0,0.0,0.0
18,STORJUSDT,0.0,0.0,0.0,0.0,0.0,20.0,0.0,0.0,25000.0,BOTH,0.0,0.0,0.0,1602162968093.0,0.0,0.0
19,ETHUSDT_221230,0.0,0.0,0.0,0.0,0.0,20.0,0.0,0.0,375000.0,BOTH,0.0,0.0,0.0,1667987271615.0,0.0,0.0
20,SNXUSDT,0.0,0.0,0.0,0.0,0.0,10.0,0.0,0.0,100000.0,BOTH,0.0,0.0,0.0,1658703725094.0,0.0,0.0
21,DOTBUSD,0.0,0.0,0.0,0.0,0.0,20.0,0.0,0.0,25000.0,BOTH,0.0,0.0,0.0,0.0,0.0,0.0
22,NEARBUSD,0.0,0.0,0.0,0.0,0.0,20.0,0.0,0.0,25000.0,BOTH,0.0,0.0,0.0,0.0,0.0,0.0
23,XLMUSDT,0.0,0.0,0.0,0.0,0.0,5.0,0.0,0.0,2000000.0,BOTH,0.0,0.0,0.0,1633862015942.0,0.0,0.0
24,APEBUSD,0.0,0.0,0.0,0.0,0.0,20.0,0.0,0.0,25000.0,BOTH,0.0,0.0,0.0,0.0,0.0,0.0
25,IOTXUSDT,0.0,0.0,0.0,0.0,0.0,5.0,0.0,0.0,250000.0,BOTH,0.0,0.0,0.0,1639112719563.0,0.0,0.0
26,DASHUSDT,0.0,0.0,0.0,0.0,0.0,20.0,0.0,0.0,25000.0,BOTH,0.0,0.0,0.0,1645242839134.0,0.0,0.0
27,KAVAUSDT,0.0,0.0,0.0,0.0,0.0,20.0,0.0,0.0,5000.0,BOTH,0.0,0.0,0.0,1650584140266.0,0.0,0.0
28,RUNEUSDT,0.0,0.0,0.0,0.0,0.0,11.0,0.0,0.0,25000.0,BOTH,0.0,0.0,0.0,1650582858976.0,0.0,0.0
29,APEUSDT,0.0,0.0,0.0,0.0,0.0,20.0,0.0,0.0,150000.0,BOTH,0.0,0.0,0.0,1651269255196.0,0.0,0.0
30,BTCUSDT_221230,238.37438581,58.80647432,12.90504665,147.01618581,91.3582,20.0,0.0,16633.06062259,375000.0,BOTH,0.176,2940.32371622,0.0,1668744625094.0,1827.164,3562.2975
31,BNXUSDT,0.0,0.0,0.0,0.0,0.0,1.0,0.0,0.0,8000000.0,BOTH,0.0,0.0,0.0,1655294468061.0,0.0,0.0
32,BLUEBIRDUSDT,0.0,0.0,0.0,0.0,0.0,20.0,0.0,0.0,25000.0,BOTH,0.0,0.0,0.0,0.0,0.0,0.0
33,CVXBUSD,0.0,0.0,0.0,0.0,0.0,20.0,0.0,0.0,25000.0,BOTH,0.0,0.0,0.0,0.0,0.0,0.0
34,OPUSDT,0.0,0.0,0.0,0.0,0.0,20.0,0.0,0.0,25000.0,BOTH,0.0,0.0,0.0,1663974815983.0,0.0,0.0
35,DGBUSDT,0.0,0.0,0.0,0.0,0.0,5.0,0.0,0.0,250000.0,BOTH,0.0,0.0,0.0,1638595386735.0,0.0,0.0
36,SKLUSDT,0.0,0.0,0.0,0.0,0.0,20.0,0.0,0.0,25000.0,BOTH,0.0,0.0,0.0,1648222269732.0,0.0,0.0
37,FOOTBALLUSDT,0.0,0.0,0.0,0.0,0.0,20.0,0.0,0.0,25000.0,BOTH,0.0,0.0,0.0,0.0,0.0,0.0
38,TOMOUSDT,0.0,0.0,0.0,0.0,0.0,20.0,0.0,0.0,5000.0,BOTH,0.0,0.0,0.0,0.0,0.0,0.0
39,MTLUSDT,0.0,0.0,0.0,0.0,0.0,20.0,0.0,0.0,25000.0,BOTH,0.0,0.0,0.0,0.0,0.0,0.0
40,LTCUSDT,0.0,0.0,0.0,0.0,0.0,20.0,0.0,0.0,250000.0,BOTH,0.0,0.0,0.0,1636579426320.0,0.0,0.0
41,DODOBUSD,0.0,0.0,0.0,0.0,0.0,20.0,0.0,0.0,25000.0,BOTH,0.0,0.0,0.0,0.0,0.0,0.0
42,KSMUSDT,0.0,0.0,0.0,0.0,0.0,20.0,0.0,0.0,25000.0,BOTH,0.0,0.0,0.0,0.0,0.0,0.0
43,WAVESBUSD,0.0,0.0,0.0,0.0,0.0,20.0,0.0,0.0,25000.0,BOTH,0.0,0.0,0.0,0.0,0.0,0.0
44,BNBBUSD,2586.97246516,129.34862325,-184.76573047,2586.97246516,0.0,2.0,0.0,262.5883789474,5000000.0,BOTH,-19.0,-5173.94493033,0.0,1658235168504.0,0.0,0.0
45,ETCBUSD,0.0,0.0,0.0,0.0,0.0,20.0,0.0,0.0,25000.0,BOTH,0.0,0.0,0.0,0.0,0.0,0.0
46,TRBUSDT,0.0,0.0,0.0,0.0,0.0,5.0,0.0,0.0,250000.0,BOTH,0.0,0.0,0.0,1605127172352.0,0.0,0.0
47,MANAUSDT,0.0,0.0,0.0,0.0,0.0,5.0,0.0,0.0,500000.0,BOTH,0.0,0.0,0.0,1645717791699.0,0.0,0.0
48,FLOWUSDT,0.0,0.0,0.0,0.0,0.0,20.0,0.0,0.0,25000.0,BOTH,0.0,0.0,0.0,0.0,0.0,0.0
49,CHRUSDT,0.0,0.0,0.0,0.0,0.0,20.0,0.0,0.0,25000.0,BOTH,0.0,0.0,0.0,0.0,0.0,0.0
50,AVAXBUSD,0.0,0.0,0.0,0.0,0.0,20.0,0.0,0.0,25000.0,BOTH,0.0,0.0,0.0,0.0,0.0,0.0
51,GALUSDT,0.0,0.0,0.0,0.0,0.0,20.0,0.0,0.0,25000.0,BOTH,0.0,0.0,0.0,1655184864615.0,0.0,0.0
52,OGNUSDT,0.0,0.0,0.0,0.0,0.0,10.0,0.0,0.0,100000.0,BOTH,0.0,0.0,0.0,1628725406937.0,0.0,0.0
53,SCUSDT,0.0,0.0,0.0,0.0,0.0,20.0,0.0,0.0,25000.0,BOTH,0.0,0.0,0.0,0.0,0.0,0.0
54,GALBUSD,0.0,0.0,0.0,0.0,0.0,20.0,0.0,0.0,25000.0,BOTH,0.0,0.0,0.0,0.0,0.0,0.0
55,STMXUSDT,0.0,0.0,0.0,0.0,0.0,20.0,0.0,0.0,5000.0,BOTH,0.0,0.0,0.0,0.0,0.0,0.0
56,KNCUSDT,0.0,0.0,0.0,0.0,0.0,10.0,0.0,0.0,100000.0,BOTH,0.0,0.0,0.0,1651976073430.0,0.0,0.0
57,SRMUSDT,0.0,0.0,0.0,0.0,0.0,5.0,0.0,0.0,200000.0,BOTH,0.0,0.0,0.0,1631077885478.0,0.0,0.0
58,ENJUSDT,0.0,0.0,0.0,0.0,0.0,5.0,0.0,0.0,500000.0,BOTH,0.0,0.0,0.0,1651823916202.0,0.0,0.0
59,ATOMUSDT,0.0,0.0,0.0,0.0,0.0,5.0,0.0,0.0,250000.0,BOTH,0.0,0.0,0.0,1649670653160.0,0.0,0.0
60,SOLBUSD,4765.25047652,1310.44375,-16836.3729765,4765.25047652,0.0,11.0,0.0,17.98808389605,100000.0,BOTH,3850.0,52417.75,0.0,1668167939548.0,0.0,0.0
61,ENSUSDT,0.0,0.0,0.0,0.0,0.0,20.0,0.0,0.0,25000.0,BOTH,0.0,0.0,0.0,0.0,0.0,0.0
62,FILBUSD,0.0,0.0,0.0,0.0,0.0,20.0,0.0,0.0,25000.0,BOTH,0.0,0.0,0.0,0.0,0.0,0.0
63,ATAUSDT,0.0,0.0,0.0,0.0,0.0,5.0,0.0,0.0,250000.0,BOTH,0.0,0.0,0.0,1653572778290.0,0.0,0.0
64,IOSTUSDT,0.0,0.0,0.0,0.0,0.0,20.0,0.0,0.0,25000.0,BOTH,0.0,0.0,0.0,1599715256230.0,0.0,0.0
65,HBARUSDT,0.0,0.0,0.0,0.0,0.0,10.0,0.0,0.0,100000.0,BOTH,0.0,0.0,0.0,1632166685201.0,0.0,0.0
66,ZECUSDT,0.0,0.0,0.0,0.0,0.0,20.0,0.0,0.0,150000.0,BOTH,0.0,0.0,0.0,1628352056547.0,0.0,0.0
67,GALAUSDT,0.0,0.0,0.0,0.0,0.0,5.0,0.0,0.0,250000.0,BOTH,0.0,0.0,0.0,1640859643191.0,0.0,0.0
68,GTCUSDT,0.0,0.0,0.0,0.0,0.0,20.0,0.0,0.0,5000.0,BOTH,0.0,0.0,0.0,0.0,0.0,0.0
69,ALGOUSDT,0.0,0.0,0.0,0.0,0.0,5.0,0.0,0.0,250000.0,BOTH,0.0,0.0,0.0,1653731320419.0,0.0,0.0
70,LRCUSDT,0.0,0.0,0.0,0.0,0.0,20.0,0.0,0.0,25000.0,BOTH,0.0,0.0,0.0,0.0,0.0,0.0
71,STGUSDT,0.0,0.0,0.0,0.0,0.0,20.0,0.0,0.0,25000.0,BOTH,0.0,0.0,0.0,0.0,0.0,0.0
72,ARPAUSDT,0.0,0.0,0.0,0.0,0.0,5.0,0.0,0.0,250000.0,BOTH,0.0,0.0,0.0,1638597860573.0,0.0,0.0
73,CELOUSDT,0.0,0.0,0.0,0.0,0.0,5.0,0.0,0.0,250000.0,BOTH,0.0,0.0,0.0,0.0,0.0,0.0
74,PHBBUSD,0.0,0.0,0.0,0.0,0.0,20.0,0.0,0.0,25000.0,BOTH,0.0,0.0,0.0,0.0,0.0,0.0
75,QNTUSDT,0.0,0.0,0.0,0.0,0.0,20.0,0.0,0.0,25000.0,BOTH,0.0,0.0,0.0,0.0,0.0,0.0
76,1INCHUSDT,0.0,0.0,0.0,0.0,0.0,5.0,0.0,0.0,250000.0,BOTH,0.0,0.0,0.0,1646634627175.0,0.0,0.0
77,LINAUSDT,0.0,0.0,0.0,0.0,0.0,5.0,0.0,0.0,250000.0,BOTH,0.0,0.0,0.0,1628848467480.0,0.0,0.0
78,ARUSDT,4192.57383033,557.77212394,-160.16784793,4192.57383033,0.0,6.0,0.0,9.943223260429,100000.0,BOTH,-2513.8,-25155.44247892,0.0,1658233437295.0,0.0,0.0
79,FILUSDT,0.0,0.0,0.0,0.0,0.0,18.0,0.0,0.0,250000.0,BOTH,0.0,0.0,0.0,1650429242317.0,0.0,0.0
80,SOLUSDT,0.0,0.0,0.0,0.0,0.0,8.0,0.0,0.0,1000000.0,BOTH,0.0,0.0,0.0,1668179887106.0,0.0,0.0
81,BLZUSDT,0.0,0.0,0.0,0.0,0.0,5.0,0.0,0.0,250000.0,BOTH,0.0,0.0,0.0,1632328932605.0,0.0,0.0
82,GMTUSDT,1581.2,79.06,10384.6872,1581.2,0.0,5.0,0.0,0.9145343642788,500000.0,BOTH,-20000.0,-7906.0,0.0,1656683388408.0,0.0,0.0
83,APTBUSD,0.0,0.0,0.0,0.0,0.0,20.0,0.0,0.0,25000.0,BOTH,0.0,0.0,0.0,0.0,0.0,0.0
84,LDOBUSD,0.0,0.0,0.0,0.0,0.0,20.0,0.0,0.0,25000.0,BOTH,0.0,0.0,0.0,0.0,0.0,0.0
85,BANDUSDT,49.95738934,24.97869467,-3.15308551,49.95738934,0.0,20.0,0.0,1.993584275807,25000.0,BOTH,-499.6,-999.1477868,0.0,1668155551394.0,0.0,0.0
86,LDOUSDT,0.0,0.0,0.0,0.0,0.0,20.0,0.0,0.0,25000.0,BOTH,0.0,0.0,0.0,0.0,0.0,0.0
87,XRPBUSD,48.279896,3.110772,-3.76363948,6.221544,42.058352,20.0,0.0,0.3715124483498,100000.0,BOTH,-324.8,-124.43088,0.0,1668714544470.0,109.21168,841.16704
88,XRPUSDT,0.0,0.0,0.0,0.0,0.0,15.0,0.0,0.0,250000.0,BOTH,0.0,0.0,0.0,1645654577164.0,0.0,0.0
89,FTTUSDT,0.0,0.0,0.0,0.0,0.0,5.0,0.0,0.0,200000.0,BOTH,0.0,0.0,0.0,1668357941863.0,0.0,0.0
90,CRVUSDT,0.0,0.0,0.0,0.0,0.0,10.0,0.0,0.0,250000.0,BOTH,0.0,0.0,0.0,1615408439124.0,0.0,0.0
91,BELUSDT,0.0,0.0,0.0,0.0,0.0,20.0,0.0,0.0,25000.0,BOTH,0.0,0.0,0.0,0.0,0.0,0.0
92,DOTUSDT,0.0,0.0,0.0,0.0,0.0,13.0,0.0,0.0,250000.0,BOTH,0.0,0.0,0.0,1631239148173.0,0.0,0.0
93,GMTBUSD,0.0,0.0,0.0,0.0,0.0,20.0,0.0,0.0,25000.0,BOTH,0.0,0.0,0.0,0.0,0.0,0.0
94,ONEUSDT,0.0,0.0,0.0,0.0,0.0,1.0,0.0,0.0,5000000.0,BOTH,0.0,0.0,0.0,1658765623180.0,0.0,0.0
95,APTUSDT,0.0,0.0,0.0,0.0,0.0,20.0,0.0,0.0,250000.0,BOTH,0.0,0.0,0.0,0.0,0.0,0.0
96,ANKRUSDT,0.0,0.0,0.0,0.0,0.0,20.0,0.0,0.0,5000.0,BOTH,0.0,0.0,0.0,0.0,0.0,0.0
97,RAYUSDT,0.0,0.0,0.0,0.0,0.0,5.0,0.0,0.0,250000.0,BOTH,0.0,0.0,0.0,1640172777632.0,0.0,0.0
98,API3USDT,0.0,0.0,0.0,0.0,0.0,5.0,0.0,0.0,250000.0,BOTH,0.0,0.0,0.0,1654240556783.0,0.0,0.0
99,CVCUSDT,0.0,0.0,0.0,0.0,0.0,5.0,0.0,0.0,250000.0,BOTH,0.0,0.0,0.0,1638597481134.0,0.0,0.0
100,FTMBUSD,0.0,0.0,0.0,0.0,0.0,20.0,0.0,0.0,25000.0,BOTH,0.0,0.0,0.0,0.0,0.0,0.0
101,LINKBUSD,0.0,0.0,0.0,0.0,0.0,20.0,0.0,0.0,25000.0,BOTH,0.0,0.0,0.0,0.0,0.0,0.0
102,SANDBUSD,0.0,0.0,0.0,0.0,0.0,20.0,0.0,0.0,25000.0,BOTH,0.0,0.0,0.0,0.0,0.0,0.0
103,HOTUSDT,0.0,0.0,0.0,0.0,0.0,2.0,0.0,0.0,1000000.0,BOTH,0.0,0.0,0.0,1631030028836.0,0.0,0.0
104,QTUMUSDT,0.0,0.0,0.0,0.0,0.0,20.0,0.0,0.0,25000.0,BOTH,0.0,0.0,0.0,0.0,0.0,0.0
105,IOTAUSDT,0.0,0.0,0.0,0.0,0.0,5.0,0.0,0.0,250000.0,BOTH,0.0,0.0,0.0,1646998142086.0,0.0,0.0
106,BTCBUSD,3747.15528473,14.98862113,-1214.15801526,3747.15528473,0.0,1.0,0.0,22148.72008929,1000000000.0,BOTH,0.224,3747.15528473,0.0,1658235170910.0,0.0,0.0
107,ADAUSDT,0.0,0.0,0.0,0.0,0.0,5.0,0.0,0.0,2000000.0,BOTH,0.0,0.0,0.0,1653634013381.0,0.0,0.0
108,LITUSDT,0.0,0.0,0.0,0.0,0.0,5.0,0.0,0.0,250000.0,BOTH,0.0,0.0,0.0,1653734143127.0,0.0,0.0
109,UNIBUSD,0.0,0.0,0.0,0.0,0.0,20.0,0.0,0.0,25000.0,BOTH,0.0,0.0,0.0,0.0,0.0,0.0
110,YFIUSDT,0.0,0.0,0.0,0.0,0.0,10.0,0.0,0.0,100000.0,BOTH,0.0,0.0,0.0,1645683711905.0,0.0,0.0
111,FTTBUSD,0.0,0.0,0.0,0.0,0.0,1.0,0.0,0.0,1500000.0,BOTH,0.0,0.0,0.0,1668181845072.0,0.0,0.0
112,ETHUSDT,454.56305354,102.27665125,6519.93142985,454.56305354,0.0,45.0,0.0,1603.284498067,250000.0,BOTH,-16.825,-20455.33025,0.0,1663099427646.0,0.0,0.0
113,ALPHAUSDT,0.0,0.0,0.0,0.0,0.0,1.0,0.0,0.0,5000000.0,BOTH,0.0,0.0,0.0,1656851548634.0,0.0,0.0
114,WOOUSDT,0.0,0.0,0.0,0.0,0.0,20.0,0.0,0.0,25000.0,BOTH,0.0,0.0,0.0,0.0,0.0,0.0
115,SFPUSDT,0.0,0.0,0.0,0.0,0.0,10.0,0.0,0.0,15000.0,BOTH,0.0,0.0,0.0,1619713607365.0,0.0,0.0
116,RLCUSDT,0.0,0.0,0.0,0.0,0.0,5.0,0.0,0.0,250000.0,BOTH,0.0,0.0,0.0,1630323284313.0,0.0,0.0
117,BTCSTUSDT,0.0,0.0,0.0,0.0,0.0,20.0,0.0,0.0,25000.0,BOTH,0.0,0.0,0.0,0.0,0.0,0.0
118,1000XECUSDT,0.0,0.0,0.0,0.0,0.0,1.0,0.0,0.0,3000000.0,BOTH,0.0,0.0,0.0,1658946894821.0,0.0,0.0
119,AUDIOUSDT,0.0,0.0,0.0,0.0,0.0,5.0,0.0,0.0,250000.0,BOTH,0.0,0.0,0.0,1634544852631.0,0.0,0.0
120,NEOUSDT,0.0,0.0,0.0,0.0,0.0,10.0,0.0,0.0,100000.0,BOTH,0.0,0.0,0.0,1601480576353.0,0.0,0.0
121,UNFIUSDT,0.0,0.0,0.0,0.0,0.0,10.0,0.0,0.0,100000.0,BOTH,0.0,0.0,0.0,1664755376400.0,0.0,0.0
122,SANDUSDT,0.0,0.0,0.0,0.0,0.0,5.0,0.0,0.0,500000.0,BOTH,0.0,0.0,0.0,1641438061828.0,0.0,0.0
123,CTKUSDT,0.0,0.0,0.0,0.0,0.0,5.0,0.0,0.0,250000.0,BOTH,0.0,0.0,0.0,1653575972940.0,0.0,0.0
124,LINKUSDT,233.8099781,19.75694235,-460.6687127,233.8099781,0.0,13.0,0.0,7.186527687096,250000.0,BOTH,487.05,3039.52959383,0.0,1668123433843.0,0.0,0.0
125,CELRUSDT,0.0,0.0,0.0,0.0,0.0,5.0,0.0,0.0,250000.0,BOTH,0.0,0.0,0.0,1656082856706.0,0.0,0.0
126,RSRUSDT,883.554,195.8885,-5672.205,883.554,0.0,10.0,0.0,0.0069084593498,100000.0,BOTH,2100000.0,8835.54,0.0,1659108947360.0,0.0,0.0
127,ADABUSD,0.0,0.0,0.0,0.0,0.0,5.0,0.0,0.0,1000000.0,BOTH,0.0,0.0,0.0,1647995207071.0,0.0,0.0
128,RENUSDT,0.0,0.0,0.0,0.0,0.0,20.0,0.0,0.0,5000.0,BOTH,0.0,0.0,0.0,1622058835181.0,0.0,0.0
129,LPTUSDT,0.0,0.0,0.0,0.0,0.0,20.0,0.0,0.0,25000.0,BOTH,0.0,0.0,0.0,0.0,0.0,0.0
130,JASMYUSDT,0.0,0.0,0.0,0.0,0.0,20.0,0.0,0.0,25000.0,BOTH,0.0,0.0,0.0,0.0,0.0,0.0
131,EGLDUSDT,0.0,0.0,0.0,0.0,0.0,10.0,0.0,0.0,100000.0,BOTH,0.0,0.0,0.0,1654255127941.0,0.0,0.0
132,LUNA2USDT,0.0,0.0,0.0,0.0,0.0,20.0,0.0,0.0,25000.0,BOTH,0.0,0.0,0.0,0.0,0.0,0.0
133,ONTUSDT,152.81817496,15.28181749,-472.8605575,152.81817496,0.0,10.0,0.0,0.2265185614507,100000.0,BOTH,8833.9,1528.18174967,0.0,1667052263466.0,0.0,0.0
134,VETUSDT,0.0,0.0,0.0,0.0,0.0,5.0,0.0,0.0,250000.0,BOTH,0.0,0.0,0.0,1653635275578.0,0.0,0.0
135,IMXUSDT,0.0,0.0,0.0,0.0,0.0,20.0,0.0,0.0,25000.0,BOTH,0.0,0.0,0.0,0.0,0.0,0.0
136,COTIUSDT,0.0,0.0,0.0,0.0,0.0,5.0,0.0,0.0,250000.0,BOTH,0.0,0.0,0.0,1638597840872.0,0.0,0.0
137,CVXUSDT,0.0,0.0,0.0,0.0,0.0,20.0,0.0,0.0,25000.0,BOTH,0.0,0.0,0.0,0.0,0.0,0.0
138,BAKEUSDT,0.0,0.0,0.0,0.0,0.0,5.0,0.0,0.0,250000.0,BOTH,0.0,0.0,0.0,1651895590988.0,0.0,0.0
139,GRTUSDT,0.0,0.0,0.0,0.0,0.0,20.0,0.0,0.0,25000.0,BOTH,0.0,0.0,0.0,0.0,0.0,0.0
140,FLMUSDT,0.0,0.0,0.0,0.0,0.0,5.0,0.0,0.0,250000.0,BOTH,0.0,0.0,0.0,1631064518641.0,0.0,0.0
141,GALABUSD,0.0,0.0,0.0,0.0,0.0,20.0,0.0,0.0,25000.0,BOTH,0.0,0.0,0.0,0.0,0.0,0.0
142,MASKUSDT,0.0,0.0,0.0,0.0,0.0,20.0,0.0,0.0,25000.0,BOTH,0.0,0.0,0.0,0.0,0.0,0.0
143,EOSUSDT,228.55518462,10.39926038,-400.65338758,228.55518462,0.0,7.0,0.0,1.139,1000000.0,BOTH,1756.4,1599.88621241,0.0,1667051494761.0,0.0,0.0
144,BALUSDT,0.0,0.0,0.0,0.0,0.0,5.0,0.0,0.0,250000.0,BOTH,0.0,0.0,0.0,1650563109167.0,0.0,0.0
145,DENTUSDT,0.0,0.0,0.0,0.0,0.0,5.0,0.0,0.0,250000.0,BOTH,0.0,0.0,0.0,1638595420762.0,0.0,0.0
146,MATICBUSD,0.0,0.0,0.0,0.0,0.0,20.0,0.0,0.0,25000.0,BOTH,0.0,0.0,0.0,0.0,0.0,0.0
147,C98USDT,0.0,0.0,0.0,0.0,0.0,5.0,0.0,0.0,250000.0,BOTH,0.0,0.0,0.0,1638595841929.0,0.0,0.0
148,ZENUSDT,0.0,0.0,0.0,0.0,0.0,5.0,0.0,0.0,250000.0,BOTH,0.0,0.0,0.0,1663268518727.0,0.0,0.0
149,NEARUSDT,0.0,0.0,0.0,0.0,0.0,5.0,0.0,0.0,500000.0,BOTH,0.0,0.0,0.0,1650963984002.0,0.0,0.0
150,AUCTIONBUSD,0.0,0.0,0.0,0.0,0.0,20.0,0.0,0.0,25000.0,BOTH,0.0,0.0,0.0,0.0,0.0,0.0
151,BCHUSDT,0.0,0.0,0.0,0.0,0.0,20.0,0.0,0.0,250000.0,BOTH,0.0,0.0,0.0,1668345232944.0,0.0,0.0
152,LUNA2BUSD,0.0,0.0,0.0,0.0,0.0,20.0,0.0,0.0,25000.0,BOTH,0.0,0.0,0.0,1660864814340.0,0.0,0.0
153,LTCBUSD,0.0,0.0,0.0,0.0,0.0,20.0,0.0,0.0,25000.0,BOTH,0.0,0.0,0.0,0.0,0.0,0.0
154,1000SHIBUSDT,0.0,0.0,0.0,0.0,0.0,5.0,0.0,0.0,500000.0,BOTH,0.0,0.0,0.0,1645654615344.0,0.0,0.0
155,TLMBUSD,0.0,0.0,0.0,0.0,0.0,20.0,0.0,0.0,25000.0,BOTH,0.0,0.0,0.0,0.0,0.0,0.0
156,TLMUSDT,0.0,0.0,0.0,0.0,0.0,5.0,0.0,0.0,250000.0,BOTH,0.0,0.0,0.0,1654203446706.0,0.0,0.0
157,ANTUSDT,0.0,0.0,0.0,0.0,0.0,20.0,0.0,0.0,25000.0,BOTH,0.0,0.0,0.0,1653575502738.0,0.0,0.0
158,ETHBUSD,2148.36246622,103.12139012,4075.53083756,2148.36246622,0.0,12.0,0.0,1406.571109487,1000000.0,BOTH,-21.226,-25780.34753225,0.0,1658422704867.0,0.0,0.0
159,AAVEUSDT,350.5707461,28.04565968,1180.11068812,350.5707461,0.0,8.0,0.0,84.96112275358,100000.0,BOTH,-46.9,-2804.56596885,0.0,1667039493862.0,0.0,0.0
160,ICPUSDT,0.0,0.0,0.0,0.0,0.0,20.0,0.0,0.0,25000.0,BOTH,0.0,0.0,0.0,0.0,0.0,0.0
161,1000LUNCUSDT,0.0,0.0,0.0,0.0,0.0,20.0,0.0,0.0,25000.0,BOTH,0.0,0.0,0.0,0.0,0.0,0.0
162,AVAXUSDT,0.0,0.0,0.0,0.0,0.0,5.0,0.0,0.0,2000000.0,BOTH,0.0,0.0,0.0,1640076154879.0,0.0,0.0
163,ROSEUSDT,0.0,0.0,0.0,0.0,0.0,20.0,0.0,0.0,25000.0,BOTH,0.0,0.0,0.0,0.0,0.0,0.0
164,MATICUSDT,0.0,0.0,0.0,0.0,0.0,5.0,0.0,0.0,500000.0,BOTH,0.0,0.0,0.0,1634032572797.0,0.0,0.0
165,MKRUSDT,0.0,0.0,0.0,0.0,0.0,20.0,0.0,0.0,25000.0,BOTH,0.0,0.0,0.0,0.0,0.0,0.0
166,PEOPLEUSDT,0.0,0.0,0.0,0.0,0.0,20.0,0.0,0.0,25000.0,BOTH,0.0,0.0,0.0,1649088876109.0,0.0,0.0
167,ANCBUSD,0.0,0.0,0.0,0.0,0.0,20.0,0.0,0.0,25000.0,BOTH,0.0,0.0,0.0,0.0,0.0,0.0
168,THETAUSDT,0.0,0.0,0.0,0.0,0.0,5.0,0.0,0.0,2000000.0,BOTH,0.0,0.0,0.0,1652212251361.0,0.0,0.0
169,UNIUSDT,0.0,0.0,0.0,0.0,0.0,20.0,0.0,0.0,25000.0,BOTH,0.0,0.0,0.0,1646769138518.0,0.0,0.0
170,RVNUSDT,0.0,0.0,0.0,0.0,0.0,10.0,0.0,0.0,25000.0,BOTH,0.0,0.0,0.0,1631057121110.0,0.0,0.0
171,NKNUSDT,0.0,0.0,0.0,0.0,0.0,20.0,0.0,0.0,25000.0,BOTH,0.0,0.0,0.0,0.0,0.0,0.0
172,KLAYUSDT,0.0,0.0,0.0,0.0,0.0,5.0,0.0,0.0,250000.0,BOTH,0.0,0.0,0.0,1637040404238.0,0.0,0.0
173,DEFIUSDT,0.0,0.0,0.0,0.0,0.0,10.0,0.0,0.0,25000.0,BOTH,0.0,0.0,0.0,1650541096145.0,0.0,0.0
174,COMPUSDT,278.11002781,30.5921,-941.04540992,278.11002781,0.0,11.0,0.0,51.95136896104,25000.0,BOTH,77.0,3059.21,0.0,1667039483865.0,0.0,0.0
175,BTCDOMUSDT,4825.43860924,318.91577731,494.70980746,1575.66310924,3249.7755,10.0,0.0,1312.709281098,25000.0,BOTH,-12.38,-15756.63109243,0.0,1668044976621.0,0.0,32497.755
176,BTCUSDT,105.79994,6.69836,-107.59731613,83.7295,22.07044,20.0,0.0,17821.87316135,1000000.0,BOTH,0.1,1674.59,0.0,1668730224199.0,441.4088,2700.93379
177,OMGUSDT,0.0,0.0,0.0,0.0,0.0,2.0,0.0,0.0,1000000.0,BOTH,0.0,0.0,0.0,1668099429111.0,0.0,0.0
178,ICXUSDT,0.0,0.0,0.0,0.0,0.0,20.0,0.0,0.0,5000.0,BOTH,0.0,0.0,0.0,1614843090980.0,0.0,0.0
179,ICPBUSD,0.0,0.0,0.0,0.0,0.0,20.0,0.0,0.0,25000.0,BOTH,0.0,0.0,0.0,0.0,0.0,0.0
180,FTMUSDT,0.0,0.0,0.0,0.0,0.0,5.0,0.0,0.0,500000.0,BOTH,0.0,0.0,0.0,1626849222530.0,0.0,0.0
181,1000SHIBBUSD,0.0,0.0,0.0,0.0,0.0,20.0,0.0,0.0,25000.0,BOTH,0.0,0.0,0.0,0.0,0.0,0.0
182,AMBBUSD,0.0,0.0,0.0,0.0,0.0,20.0,0.0,0.0,25000.0,BOTH,0.0,0.0,0.0,0.0,0.0,0.0
183,DOGEBUSD,0.0,0.0,0.0,0.0,0.0,5.0,0.0,0.0,1000000.0,BOTH,0.0,0.0,0.0,1640861180985.0,0.0,0.0
184,SXPUSDT,0.0,0.0,0.0,0.0,0.0,11.0,0.0,0.0,25000.0,BOTH,0.0,0.0,0.0,1668165989516.0,0.0,0.0
185,XEMUSDT,0.0,0.0,0.0,0.0,0.0,10.0,0.0,0.0,25000.0,BOTH,0.0,0.0,0.0,1618738676947.0,0.0,0.0
186,1000LUNCBUSD,0.0,0.0,0.0,0.0,0.0,20.0,0.0,0.0,25000.0,BOTH,0.0,0.0,0.0,0.0,0.0,0.0
187,ZILUSDT,0.0,0.0,0.0,0.0,0.0,5.0,0.0,0.0,250000.0,BOTH,0.0,0.0,0.0,1609687263476.0,0.0,0.0
188,AXSUSDT,0.0,0.0,0.0,0.0,0.0,5.0,0.0,0.0,2000000.0,BOTH,0.0,0.0,0.0,1647897931379.0,0.0,0.0
189,DYDXUSDT,2972.20023777,267.498,-9412.5906,2972.20023777,0.0,9.0,0.0,1.375969000001,250000.0,BOTH,-12600.0,-26749.8,0.0,1667943392984.0,0.0,0.0
190,OCEANUSDT,0.0,0.0,0.0,0.0,0.0,10.0,0.0,0.0,100000.0,BOTH,0.0,0.0,0.0,1628084535459.0,0.0,0.0
191,LEVERBUSD,0.0,0.0,0.0,0.0,0.0,20.0,0.0,0.0,25000.0,BOTH,0.0,0.0,0.0,0.0,0.0,0.0
192,CHZUSDT,0.0,0.0,0.0,0.0,0.0,5.0,0.0,0.0,250000.0,BOTH,0.0,0.0,0.0,1653576320852.0,0.0,0.0
193,DUSKUSDT,3665.44161672,36.65441616,1323.69710072,3665.44161672,0.0,1.0,0.0,0.1225561666953,3000000.0,BOTH,-40709.0,-3665.44161672,0.0,1655798783632.0,0.0,0.0
194,CTSIUSDT,0.0,0.0,0.0,0.0,0.0,20.0,0.0,0.0,5000.0,BOTH,0.0,0.0,0.0,1652277398033.0,0.0,0.0
